PRIMARY_KEY,DATE,TIME,CONFIDENCE,IDENTITY,CLASSIFIED,SPECIES
"33628","2021-08-30","08:26:14","0.919791","358","1","House Sparrow (female)"
"2047","2021-08-23","19:16:28","0.956549","802","1","House Sparrow (male)"
"36361","2021-08-30","17:23:29","0.979144","596","1","Mourning Dove"
"13856","2021-08-24","10:33:32","0.983397","1933","1","House Sparrow (male)"
"2165","2021-08-24","07:39:34","0.993606","46","1","Brown-headed Cowbird (female or juvenile)"
"21727","2021-08-26","09:17:42","0.989479","1209","1","Mourning Dove"
"17982","2021-08-26","08:01:55","0.952264","133","1","House Sparrow (female)"
"18797","2021-08-26","08:18:14","0.925532","133","1","Mourning Dove"
"4993","2021-08-24","08:27:01","0.974995","259","1","Mourning Dove"
"19115","2021-08-26","08:22:50","0.957031","406","1","Ruby-throated Hummingbird"
"540","2021-08-23","18:15:26","0.994472","169","1","Mourning Dove"
"2761","2021-08-24","07:47:10","0.995144","176","1","House Sparrow (female)"
"9490","2021-08-24","09:27:18","0.903133","1181","1","House Sparrow (male)"
"1992","2021-08-23","18:55:32","0.921551","743","1","Ruby-throated Hummingbird"
"9451","2021-08-24","09:26:29","0.961437","1194","1","House Sparrow (female)"
"14471","2021-08-24","11:22:13","0.986861","2218","1","Common Grackle"
"19389","2021-08-26","08:33:03","0.941374","547","1","Ruby-throated Hummingbird"
"31892","2021-08-29","18:25:07","0.975998","1990","1","House Sparrow (female)"
"22314","2021-08-26","09:50:11","0.984415","1318","1","House Sparrow (male)"
"8057","2021-08-24","09:10:19","0.973381","914","1","House Sparrow (male)"
"12287","2021-08-24","10:09:32","0.993625","1586","1","Mourning Dove"
"24883","2021-08-28","17:50:26","0.903734","7","1","House Sparrow (female)"
"17923","2021-08-26","07:59:04","0.930401","114","1","House Sparrow (male)"
"25502","2021-08-28","18:44:53","0.92695","1","1","House Sparrow (female)"
"2099","2021-08-24","07:38:11","0.985582","5","1","House Sparrow (female)"
"14463","2021-08-24","11:22:05","0.981847","2205","1","Ruby-throated Hummingbird"
"33080","2021-08-30","08:12:48","0.945037","258","1","House Sparrow (female)"
"30837","2021-08-29","16:43:19","0.914205","1327","1","House Sparrow (female)"
"34648","2021-08-30","09:11:40","0.996408","819","1","Mourning Dove"
"15282","2021-08-24","18:04:12","0.94287","345","1","Eastern Bluebird"
"15275","2021-08-24","18:04:06","0.991377","345","1","Eastern Bluebird"
"1242","2021-08-23","18:37:32","0.952541","446","1","Ruby-throated Hummingbird"
"23061","2021-08-26","10:01:23","0.917272","1410","1","House Sparrow (female)"
"36884","2021-09-01","09:14:08","0.981043","128","1","House Sparrow (female)"
"15061","2021-08-24","18:01:14","0.972592","299","1","Ruby-throated Hummingbird"
"31083","2021-08-29","16:49:09","0.912591","1391","1","Mourning Dove"
"17920","2021-08-26","07:58:57","0.974244","111","1","House Sparrow (female)"
"3540","2021-08-24","08:05:00","0.980136","9","1","Ruby-throated Hummingbird"
"357","2021-08-23","18:10:57","0.977631","134","1","Mourning Dove"
"31993","2021-08-29","18:37:40","0.919753","2030","1","House Sparrow (female)"
"15302","2021-08-24","18:04:35","0.919743","345","1","White-breasted Nuthatch"
"37212","2021-09-01","10:03:08","0.979369","658","1","House Sparrow (female)"
"3349","2021-08-24","07:53:58","0.955877","337","1","Ruby-throated Hummingbird"
"9114","2021-08-24","09:20:35","0.986329","1031","1","Song Sparrow"
"10238","2021-08-24","09:34:10","0.900453","1181","1","House Wren"
"33644","2021-08-30","08:26:22","0.98125","358","1","House Sparrow (female)"
"3055","2021-08-24","07:50:58","0.960684","268","1","House Sparrow (male)"
"13749","2021-08-24","10:32:14","0.922921","1918","1","House Sparrow (female)"
"37454","2021-09-01","10:06:25","0.964611","822","1","House Sparrow (female)"
"18425","2021-08-26","08:11:44","0.945766","285","1","House Sparrow (female)"
"690","2021-08-23","18:18:42","0.994338","232","1","House Sparrow (female)"
"28926","2021-08-29","14:18:15","0.959936","793","1","House Wren"
"27385","2021-08-29","13:10:24","0.98449","524","1","Indigo Bunting"
"32242","2021-08-29","18:48:47","0.919667","2045","1","House Sparrow (female)"
"22002","2021-08-26","09:21:09","0.992566","1099","1","Dark-eyed Junco"
"5656","2021-08-24","08:33:28","0.9742","302","1","House Sparrow (female)"
"20323","2021-08-26","08:46:01","0.930586","651","1","House Sparrow (male)"
"23381","2021-08-26","10:10:52","0.922583","1638","1","Ruby-throated Hummingbird"
"5985","2021-08-24","08:39:38","0.995381","436","1","Ruby-throated Hummingbird"
"8161","2021-08-24","09:11:25","0.98656","937","1","Ruby-throated Hummingbird"
"2023","2021-08-23","19:08:34","0.990681","770","1","Red-Bellied Woodpecker"
"31412","2021-08-29","17:36:53","0.963155","1829","1","American Crow"
"18858","2021-08-26","08:18:42","0.905266","338","1","Ruby-throated Hummingbird"
"36432","2021-08-30","17:24:29","0.913797","590","1","Mourning Dove"
"14691","2021-08-24","17:56:41","0.989835","295","1","House Sparrow (male)"
"24051","2021-08-26","10:39:14","0.914424","1922","1","Ruby-throated Hummingbird"
"24859","2021-08-28","17:48:45","0.932117","7","1","House Finch (female)"
"23623","2021-08-26","10:21:21","0.995361","1688","1","American Crow"
"25671","2021-08-28","18:47:32","0.986383","5","1","House Sparrow (female)"
"25046","2021-08-28","18:22:05","0.97033","96","1","Red-winged Blackbird (female)"
"483","2021-08-23","18:14:27","0.947522","118","1","House Sparrow (female)"
"33597","2021-08-30","08:25:54","0.933075","358","1","House Sparrow (female)"
"29030","2021-08-29","14:35:55","0.924896","800","1","House Sparrow (female)"
"1368","2021-08-23","18:41:03","0.917597","574","1","Mourning Dove"
"8387","2021-08-24","09:14:24","0.991114","781","1","Ruby-throated Hummingbird"
"14231","2021-08-24","11:15:35","0.996398","2159","1","Mourning Dove"
"16224","2021-08-25","17:32:14","0.938809","30","1","Mourning Dove"
"37647","2021-09-01","10:13:08","0.914299","870","1","Mourning Dove"
"3715","2021-08-24","08:08:22","0.975291","1","1","Mourning Dove"
"21005","2021-08-26","08:59:31","0.975386","888","1","Ruby-throated Hummingbird"
"4996","2021-08-24","08:27:02","0.929088","265","1","American Crow"
"931","2021-08-23","18:24:15","0.911363","334","1","Mourning Dove"
"8926","2021-08-24","09:18:34","0.950283","1017","1","Mourning Dove"
"28011","2021-08-29","13:26:26","0.991742","626","1","Mourning Dove"
"10166","2021-08-24","09:33:12","0.981738","1181","1","House Sparrow (male)"
"26466","2021-08-29","12:16:49","0.978191","190","1","Mourning Dove"
"27086","2021-08-29","13:07:39","0.994754","529","1","Mourning Dove"
"1115","2021-08-23","18:34:58","0.987841","427","1","House Sparrow (female)"
"14821","2021-08-24","17:58:09","0.944902","295","1","Mourning Dove"
"18697","2021-08-26","08:16:42","0.959603","133","1","Ruby-throated Hummingbird"
"26095","2021-08-29","11:44:40","0.953257","55","1","Mourning Dove"
"6522","2021-08-24","08:53:42","0.996893","642","1","White-breasted Nuthatch"
"32534","2021-08-30","07:37:22","0.934976","70","1","Mourning Dove"
"15611","2021-08-24","18:30:32","0.920089","617","1","House Sparrow (female)"
"24939","2021-08-28","18:21:10","0.905817","91","1","House Sparrow (female)"
"11459","2021-08-24","09:59:48","0.998343","1454","1","Eastern Bluebird"
"15308","2021-08-24","18:04:43","0.945436","345","1","Mourning Dove"
"22701","2021-08-26","09:55:14","0.935275","1410","1","White-breasted Nuthatch"
"20777","2021-08-26","08:54:10","0.985478","595","1","Mourning Dove"
"34879","2021-08-30","16:26:45","0.904856","77","1","Mourning Dove"
"31689","2021-08-29","18:21:31","0.929264","1945","1","Mourning Dove"
"27188","2021-08-29","13:08:27","0.961552","529","1","House Sparrow (female)"
"20440","2021-08-26","08:47:36","0.918783","595","1","Ruby-throated Hummingbird"
"30758","2021-08-29","16:24:41","0.915773","1232","1","Mourning Dove"
"31966","2021-08-29","18:27:03","0.926044","1990","1","House Sparrow (female)"
"32016","2021-08-29","18:41:46","0.901844","2034","1","Mourning Dove"
"30058","2021-08-29","15:01:37","0.993993","882","1","Mourning Dove"
"5350","2021-08-24","08:31:33","0.97974","309","1","House Sparrow (female)"
"4565","2021-08-24","08:20:17","0.920653","87","1","House Sparrow (male)"
"791","2021-08-23","18:20:20","0.942944","233","1","Eastern Bluebird"
"6515","2021-08-24","08:53:38","0.937623","642","1","Mourning Dove"
"13219","2021-08-24","10:25:28","0.966824","1667","1","Mourning Dove"
"22074","2021-08-26","09:24:21","0.919854","1099","1","Dark-eyed Junco"
"23414","2021-08-26","10:11:35","0.955161","1638","1","House Sparrow (female)"
"23917","2021-08-26","10:30:40","0.976883","1889","1","House Sparrow (female)"
"10851","2021-08-24","09:51:37","0.997926","1347","1","Mourning Dove"
"20710","2021-08-26","08:53:26","0.906801","595","1","House Sparrow (female)"
"33798","2021-08-30","08:37:41","0.933143","467","1","Ruby-throated Hummingbird"
"23657","2021-08-26","10:21:51","0.968588","1688","1","House Sparrow (female)"
"13267","2021-08-24","10:26:12","0.99522","1667","1","Ruby-throated Hummingbird"
"12548","2021-08-24","10:18:06","0.997164","1663","1","Ruby-throated Hummingbird"
"29125","2021-08-29","14:37:23","0.968506","815","1","House Sparrow (female)"
"4391","2021-08-24","08:17:32","0.94535","127","1","House Sparrow (female)"
"15103","2021-08-24","18:01:41","0.939595","345","1","Mourning Dove"
"21015","2021-08-26","08:59:42","0.977532","850","1","Mourning Dove"
"5477","2021-08-24","08:32:18","0.996285","292","1","House Sparrow (male)"
"19980","2021-08-26","08:41:28","0.962539","598","1","House Sparrow (female)"
"4719","2021-08-24","08:23:30","0.93124","205","1","Mourning Dove"
"8140","2021-08-24","09:11:15","0.981318","942","1","House Sparrow (male)"
"38228","2021-09-01","10:32:22","0.984454","906","1","White-breasted Nuthatch"
"29747","2021-08-29","14:56:26","0.977254","855","1","Mourning Dove"
"30136","2021-08-29","15:02:20","0.972102","881","1","House Sparrow (female)"
"29490","2021-08-29","14:48:06","0.920641","833","1","Ruby-throated Hummingbird"
"20551","2021-08-26","08:48:51","0.983804","651","1","Mourning Dove"
"22289","2021-08-26","09:49:54","0.998422","1292","1","House Sparrow (female)"
"36601","2021-09-01","09:07:21","0.905604","67","1","House Sparrow (female)"
"2841","2021-08-24","07:47:58","0.904001","166","1","House Sparrow (female)"
"8999","2021-08-24","09:19:22","0.989218","1031","1","Eastern Bluebird"
"17170","2021-08-25","18:36:20","0.963989","404","1","Mourning Dove"
"27779","2021-08-29","13:19:32","0.927578","597","1","Mourning Dove"
"11062","2021-08-24","09:54:48","0.945366","1408","1","House Sparrow (female)"
"37691","2021-09-01","10:14:14","0.978483","822","1","House Wren"
"10977","2021-08-24","09:53:24","0.994759","1392","1","Mourning Dove"
"30177","2021-08-29","15:05:58","0.999458","893","1","Ruby-throated Hummingbird"
"30171","2021-08-29","15:05:55","0.995966","893","1","House Sparrow (female)"
"16769","2021-08-25","18:10:05","0.9083","336","1","House Sparrow (female)"
"27597","2021-08-29","13:13:47","0.997337","529","1","Mourning Dove"
"24071","2021-08-26","10:40:07","0.969399","1922","1","Mourning Dove"
"26492","2021-08-29","12:17:16","0.955098","190","1","Mourning Dove"
"4693","2021-08-24","08:23:10","0.986446","198","1","House Sparrow (female)"
"26123","2021-08-29","11:45:01","0.981124","67","1","House Sparrow (female)"
"31603","2021-08-29","17:39:43","0.978075","1813","1","House Sparrow (female)"
"14214","2021-08-24","11:15:25","0.903333","2159","1","House Sparrow (male)"
"2482","2021-08-24","07:44:04","0.957516","114","1","House Sparrow (female)"
"18568","2021-08-26","08:14:51","0.922152","323","1","House Sparrow (female)"
"29545","2021-08-29","14:53:59","0.998097","853","1","Mourning Dove"
"11604","2021-08-24","10:01:13","0.99782","1408","1","Mourning Dove"
"12022","2021-08-24","10:06:54","0.978031","1555","1","House Sparrow (female)"
"9007","2021-08-24","09:19:27","0.991219","1013","1","Eastern Bluebird"
"22822","2021-08-26","09:56:55","0.976043","1410","1","House Sparrow (female)"
"10669","2021-08-24","09:41:09","0.97542","1248","1","Ruby-throated Hummingbird"
"1244","2021-08-23","18:37:35","0.943174","427","1","House Sparrow (male)"
"10677","2021-08-24","09:41:20","0.936789","1248","1","Ruby-throated Hummingbird"
"35480","2021-08-30","16:35:38","0.993209","202","1","House Sparrow (female)"
"2790","2021-08-24","07:47:36","0.918234","166","1","Ruby-throated Hummingbird"
"12505","2021-08-24","10:17:18","0.994243","1663","1","House Sparrow (male)"
"22190","2021-08-26","09:48:42","0.979724","1320","1","Mourning Dove"
"14598","2021-08-24","17:49:18","0.962611","198","1","Ruby-throated Hummingbird"
"544","2021-08-23","18:15:27","0.943008","181","1","Mourning Dove"
"3162","2021-08-24","07:52:07","0.932154","268","1","White-breasted Nuthatch"
"33057","2021-08-30","07:47:52","0.95058","146","1","White-breasted Nuthatch"
"4389","2021-08-24","08:17:31","0.969341","127","1","House Sparrow (female)"
"11262","2021-08-24","09:57:33","0.984682","1408","1","House Sparrow (male)"
"37653","2021-09-01","10:13:11","0.951214","822","1","House Sparrow (female)"
"26835","2021-08-29","12:24:24","0.913869","260","1","Gray Catbird"
"11106","2021-08-24","09:55:25","0.939342","1410","1","House Sparrow (female)"
"7397","2021-08-24","09:04:20","0.997169","838","1","House Sparrow (female)"
"177","2021-08-23","18:05:16","0.980229","24","1","House Sparrow (male)"
"11663","2021-08-24","10:02:01","0.964673","1478","1","House Sparrow (male)"
"114","2021-08-23","18:04:10","0.944697","43","1","House Sparrow (female)"
"4673","2021-08-24","08:23:02","0.979113","198","1","House Sparrow (female)"
"14515","2021-08-24","11:23:30","0.933888","2227","1","House Sparrow (male)"
"11877","2021-08-24","10:05:12","0.984753","1548","1","White-breasted Nuthatch"
"38103","2021-09-01","10:31:24","0.909809","930","1","Mourning Dove"
"34336","2021-08-30","09:05:28","0.954621","798","1","House Sparrow (female)"
"35093","2021-08-30","16:29:18","0.961273","79","1","Eastern Bluebird"
"20467","2021-08-26","08:47:51","0.935445","682","1","Mourning Dove"
"18988","2021-08-26","08:21:17","0.95286","381","1","House Sparrow (female)"
"3491","2021-08-24","08:04:46","0.982401","2","1","Mourning Dove"
"38063","2021-09-01","10:31:01","0.959248","930","1","White-breasted Nuthatch"
"21803","2021-08-26","09:18:40","0.947332","1099","1","House Sparrow (female)"
"31251","2021-08-29","17:28:22","0.958529","1694","1","Red-winged Blackbird (female)"
"25000","2021-08-28","18:21:50","0.984743","92","1","House Sparrow (female)"
"11488","2021-08-24","10:00:01","0.964788","1478","1","House Sparrow (male)"
"12076","2021-08-24","10:07:26","0.996339","1461","1","Ruby-throated Hummingbird"
"36160","2021-08-30","17:21:15","0.965993","596","1","Mourning Dove"
"29734","2021-08-29","14:56:08","0.953192","855","1","Carolina Chickadee"
"1903","2021-08-23","18:52:51","0.981723","700","1","Mourning Dove"
"7844","2021-08-24","09:08:18","0.935517","914","1","White-breasted Nuthatch"
"29721","2021-08-29","14:55:59","0.954918","855","1","Carolina Chickadee"
"17902","2021-08-26","07:58:40","0.994378","111","1","House Sparrow (female)"
"38178","2021-09-01","10:31:59","0.932562","930","1","Mourning Dove"
"23999","2021-08-26","10:38:31","0.983985","1922","1","House Sparrow (female)"
"37912","2021-09-01","10:29:53","0.978879","946","1","Ruby-throated Hummingbird"
"10096","2021-08-24","09:32:03","0.911986","1194","1","House Sparrow (male)"
"20096","2021-08-26","08:42:43","0.923174","595","1","Eastern Bluebird"
"36716","2021-09-01","09:11:53","0.993893","121","1","House Sparrow (female)"
"5910","2021-08-24","08:38:49","0.984544","432","1","House Sparrow (female)"
"8657","2021-08-24","09:16:40","0.972173","781","1","House Sparrow (female)"
"16377","2021-08-25","17:50:40","0.920924","214","1","House Sparrow (male)"
"2321","2021-08-24","07:42:49","0.901959","108","1","House Sparrow (male)"
"11910","2021-08-24","10:05:30","0.95573","1557","1","House Sparrow (female)"
"35811","2021-08-30","16:39:05","0.941801","305","1","House Sparrow (female)"
"19168","2021-08-26","08:23:51","0.998008","330","1","Mourning Dove"
"14295","2021-08-24","11:16:46","0.985059","2159","1","Ruby-throated Hummingbird"
"7691","2021-08-24","09:06:58","0.990596","781","1","House Sparrow (female)"
"30047","2021-08-29","15:01:32","0.939643","882","1","Mourning Dove"
"14342","2021-08-24","11:17:26","0.980353","2126","1","Indigo Bunting"
"30676","2021-08-29","16:23:40","0.933167","1193","1","Ruby-throated Hummingbird"
"35066","2021-08-30","16:29:07","0.961754","79","1","Brown-headed Cowbird (female or juvenile)"
"24862","2021-08-28","17:48:57","0.917972","7","1","Mourning Dove"
"8026","2021-08-24","09:10:01","0.927972","975","1","Eastern Bluebird"
"9945","2021-08-24","09:30:39","0.923619","1185","1","Ruby-throated Hummingbird"
"22184","2021-08-26","09:48:39","0.901656","1292","1","Ruby-throated Hummingbird"
"6374","2021-08-24","08:52:03","0.904946","642","1","Mourning Dove"
"11432","2021-08-24","09:59:40","0.939011","1408","1","House Sparrow (female)"
"2742","2021-08-24","07:46:55","0.954033","108","1","Eastern Bluebird"
"9124","2021-08-24","09:20:41","0.980556","1019","1","House Sparrow (female)"
"37803","2021-09-01","10:28:21","0.947528","906","1","White-breasted Nuthatch"
"30720","2021-08-29","16:24:07","0.978743","1193","1","Mourning Dove"
"27323","2021-08-29","13:09:34","0.998207","522","1","House Sparrow (female)"
"23648","2021-08-26","10:21:40","0.980979","1688","1","American Crow"
"23484","2021-08-26","10:19:30","0.996351","1688","1","American Crow"
"30401","2021-08-29","16:17:47","0.97688","1071","1","American Crow"
"14841","2021-08-24","17:58:19","0.956664","313","1","House Sparrow (female)"
"1269","2021-08-23","18:38:34","0.974101","527","1","Ruby-throated Hummingbird"
"12698","2021-08-24","10:19:50","0.95656","1700","1","House Sparrow (male)"
"13989","2021-08-24","11:10:43","0.940794","2104","1","House Sparrow (female)"
"9702","2021-08-24","09:29:01","0.961315","1194","1","House Sparrow (female)"
"33777","2021-08-30","08:36:57","0.923299","467","1","Ruby-throated Hummingbird"
"17662","2021-08-26","07:55:50","0.910475","111","1","Mourning Dove"
"14793","2021-08-24","17:57:54","0.992485","295","1","Ruby-throated Hummingbird"
"34275","2021-08-30","08:51:02","0.921967","641","1","Mourning Dove"
"3441","2021-08-24","08:04:23","0.972201","1","1","Mourning Dove"
"14615","2021-08-24","17:49:29","0.985732","198","1","House Sparrow (female)"
"10541","2021-08-24","09:38:48","0.949181","1236","1","Ruby-throated Hummingbird"
"23548","2021-08-26","10:20:33","0.971498","1685","1","House Sparrow (female)"
"30092","2021-08-29","15:01:54","0.980141","881","1","Mourning Dove"
"7899","2021-08-24","09:08:53","0.971236","937","1","Ruby-throated Hummingbird"
"21262","2021-08-26","09:04:48","0.981043","996","1","House Sparrow (male)"
"13711","2021-08-24","10:31:37","0.905269","1667","1","Ruby-throated Hummingbird"
"26918","2021-08-29","12:47:34","0.928087","351","1","Ruby-throated Hummingbird"
"18975","2021-08-26","08:21:08","0.972856","381","1","House Sparrow (female)"
"3214","2021-08-24","07:52:40","0.972957","298","1","Mourning Dove"
"5051","2021-08-24","08:27:21","0.971485","192","1","House Sparrow (female)"
"24478","2021-08-26","13:00:41","0.959004","3493","1","American Crow"
"2419","2021-08-24","07:43:33","0.975881","94","1","House Sparrow (female)"
"23723","2021-08-26","10:24:40","0.989528","1820","1","White-breasted Nuthatch"
"12692","2021-08-24","10:19:46","0.934747","1667","1","Ruby-throated Hummingbird"
"9268","2021-08-24","09:22:16","0.951277","1066","1","Ruby-throated Hummingbird"
"9779","2021-08-24","09:29:29","0.982263","1185","1","Ruby-throated Hummingbird"
"17008","2021-08-25","18:27:45","0.943346","394","1","Mourning Dove"
"30910","2021-08-29","16:45:11","0.97069","1334","1","House Sparrow (female)"
"14360","2021-08-24","11:17:37","0.983749","2151","1","American Goldfinch"
"12629","2021-08-24","10:19:00","0.990476","1663","1","Ruby-throated Hummingbird"
"12689","2021-08-24","10:19:43","0.983427","1667","1","Ruby-throated Hummingbird"
"21225","2021-08-26","09:04:23","0.954368","996","1","Red-winged Blackbird (female)"
"28316","2021-08-29","13:30:00","0.947769","626","1","Mourning Dove"
"16488","2021-08-25","17:53:59","0.917749","224","1","House Sparrow (female)"
"36102","2021-08-30","17:15:42","0.928367","547","1","Mourning Dove"
"14600","2021-08-24","17:49:21","0.962265","198","1","Mourning Dove"
"16020","2021-08-25","17:01:34","0.947401","44","1","Ruby-throated Hummingbird"
"8738","2021-08-24","09:17:25","0.996344","781","1","White-breasted Nuthatch"
"6579","2021-08-24","08:54:08","0.988595","642","1","Dark-eyed Junco"
"14557","2021-08-24","17:48:43","0.924868","198","1","Ruby-throated Hummingbird"
"33372","2021-08-30","08:23:00","0.910225","324","1","House Finch (female)"
"31861","2021-08-29","18:24:34","0.992387","1952","1","Mourning Dove"
"16701","2021-08-25","18:08:49","0.973904","333","1","House Sparrow (female)"
"28450","2021-08-29","13:46:56","0.966158","701","1","American Crow"
"8544","2021-08-24","09:15:37","0.923016","1013","1","House Wren"
"23982","2021-08-26","10:38:17","0.961103","1922","1","Ruby-throated Hummingbird"
"31260","2021-08-29","17:28:27","0.990674","1680","1","House Sparrow (female)"
"9863","2021-08-24","09:30:03","0.969588","1181","1","Red-Bellied Woodpecker"
"37886","2021-09-01","10:29:38","0.907051","930","1","House Sparrow (female)"
"25350","2021-08-28","18:26:55","0.97956","116","1","White-breasted Nuthatch"
"20458","2021-08-26","08:47:44","0.901366","651","1","House Sparrow (female)"
"23078","2021-08-26","10:02:52","0.997182","1539","1","Ruby-throated Hummingbird"
"6262","2021-08-24","08:51:06","0.931359","642","1","Mourning Dove"
"31919","2021-08-29","18:25:35","0.935939","1952","1","Mourning Dove"
"7604","2021-08-24","09:06:10","0.945677","837","1","Ruby-throated Hummingbird"
"4443","2021-08-24","08:18:19","0.976466","90","1","American Crow"
"30772","2021-08-29","16:24:54","0.910855","1232","1","Mourning Dove"
"19277","2021-08-26","08:25:35","0.987504","453","1","Mourning Dove"
"31232","2021-08-29","17:26:13","0.947803","1669","1","House Sparrow (male)"
"8430","2021-08-24","09:14:41","0.998302","781","1","House Sparrow (female)"
"31248","2021-08-29","17:27:45","0.96252","1680","1","Mourning Dove"
"36203","2021-08-30","17:21:39","0.936696","590","1","Mourning Dove"
"25457","2021-08-28","18:29:55","0.978719","135","1","House Sparrow (female)"
"14902","2021-08-24","17:59:08","0.915647","299","1","House Sparrow (male)"
"7461","2021-08-24","09:04:54","0.938445","786","1","Dark-eyed Junco"
"26544","2021-08-29","12:18:47","0.967394","194","1","House Sparrow (female)"
"15412","2021-08-24","18:21:01","0.996419","518","1","Eastern Bluebird"
"775","2021-08-23","18:20:10","0.943793","247","1","House Sparrow (female)"
"38217","2021-09-01","10:32:15","0.98609","906","1","Carolina Chickadee"
"31154","2021-08-29","16:49:56","0.990318","1391","1","Mourning Dove"
"27737","2021-08-29","13:18:30","0.99188","594","1","House Sparrow (female)"
"3472","2021-08-24","08:04:38","0.965349","2","1","Mourning Dove"
"8347","2021-08-24","09:13:31","0.99235","975","1","White-breasted Nuthatch"
"3224","2021-08-24","07:52:47","0.955809","262","1","House Sparrow (female)"
"19444","2021-08-26","08:34:03","0.900142","547","1","Mourning Dove"
"36720","2021-09-01","09:11:55","0.98477","121","1","House Sparrow (female)"
"30918","2021-08-29","16:45:16","0.943514","1331","1","American Crow"
"36010","2021-08-30","17:10:47","0.95164","492","1","White-breasted Nuthatch"
"30298","2021-08-29","15:07:23","0.943461","899","1","Mourning Dove"
"35157","2021-08-30","16:29:55","0.961079","77","1","Mourning Dove"
"3084","2021-08-24","07:51:13","0.984463","255","1","House Sparrow (male)"
"657","2021-08-23","18:18:22","0.996518","232","1","House Sparrow (female)"
"25239","2021-08-28","18:25:44","0.982917","116","1","Ruby-throated Hummingbird"
"8409","2021-08-24","09:14:32","0.983296","781","1","White-breasted Nuthatch"
"13567","2021-08-24","10:29:03","0.95723","1667","1","Ruby-throated Hummingbird"
"33175","2021-08-30","08:20:09","0.947755","279","1","Mourning Dove"
"30154","2021-08-29","15:02:32","0.973363","882","1","Mourning Dove"
"8459","2021-08-24","09:14:55","0.974291","781","1","Ruby-throated Hummingbird"
"18297","2021-08-26","08:10:38","0.970911","280","1","Eastern Bluebird"
"31357","2021-08-29","17:32:02","0.996039","1769","1","Mourning Dove"
"8937","2021-08-24","09:18:38","0.930999","1019","1","White-breasted Nuthatch"
"29977","2021-08-29","15:00:58","0.9747","882","1","Mourning Dove"
"9911","2021-08-24","09:30:22","0.966525","1185","1","Ruby-throated Hummingbird"
"10530","2021-08-24","09:38:41","0.938386","1236","1","Mourning Dove"
"11551","2021-08-24","10:00:35","0.989903","1408","1","Ruby-throated Hummingbird"
"21041","2021-08-26","08:59:53","0.909987","888","1","Eastern Bluebird"
"12830","2021-08-24","10:21:04","0.969417","1663","1","Ruby-throated Hummingbird"
"26579","2021-08-29","12:19:09","0.988358","209","1","Mourning Dove"
"26687","2021-08-29","12:20:59","0.901461","205","1","House Sparrow (female)"
"33030","2021-08-30","07:47:17","0.930967","126","1","Ruby-throated Hummingbird"
"5632","2021-08-24","08:33:12","0.907611","302","1","White-breasted Nuthatch"
"18869","2021-08-26","08:19:05","0.973351","133","1","Ruby-throated Hummingbird"
"14596","2021-08-24","17:49:18","0.961374","198","1","Mourning Dove"
"6409","2021-08-24","08:52:27","0.994136","650","1","Mourning Dove"
"13101","2021-08-24","10:23:54","0.976832","1667","1","Ruby-throated Hummingbird"
"26811","2021-08-29","12:23:39","0.935992","259","1","Song Sparrow"
"34374","2021-08-30","09:08:58","0.962011","818","1","House Finch (female)"
"4252","2021-08-24","08:16:15","0.918905","106","1","House Sparrow (female)"
"2798","2021-08-24","07:47:40","0.992952","108","1","House Sparrow (female)"
"35335","2021-08-30","16:33:48","0.989255","202","1","Mourning Dove"
"24767","2021-08-28","17:34:29","0.936377","202","1","House Sparrow (female)"
"5708","2021-08-24","08:34:25","0.997245","302","1","Carolina Chickadee"
"11912","2021-08-24","10:05:31","0.976785","1408","1","Ruby-throated Hummingbird"
"14236","2021-08-24","11:15:46","0.905042","2159","1","Ruby-throated Hummingbird"
"20932","2021-08-26","08:57:47","0.944235","850","1","Ruby-throated Hummingbird"
"13054","2021-08-24","10:23:01","0.908553","1727","1","House Sparrow (male)"
"10345","2021-08-24","09:35:06","0.967402","1181","1","House Sparrow (male)"
"4313","2021-08-24","08:16:59","0.924159","37","1","House Sparrow (female)"
"21439","2021-08-26","09:09:53","0.979285","1075","1","House Sparrow (female)"
"11439","2021-08-24","09:59:42","0.938908","1461","1","Mourning Dove"
"14356","2021-08-24","11:17:34","0.969537","2126","1","Mourning Dove"
"12255","2021-08-24","10:09:08","0.961151","1584","1","Mourning Dove"
"22345","2021-08-26","09:50:28","0.99542","1298","1","Ruby-throated Hummingbird"
"34752","2021-08-30","09:41:38","0.986943","1157","1","House Sparrow (female)"
"19972","2021-08-26","08:41:24","0.977916","595","1","House Sparrow (female)"
"17761","2021-08-26","07:57:14","0.974174","111","1","House Sparrow (female)"
"25828","2021-08-28","18:55:10","0.9589","2","1","Song Sparrow"
"10965","2021-08-24","09:53:16","0.980265","1369","1","House Sparrow (female)"
"22501","2021-08-26","09:52:44","0.942177","1412","1","House Sparrow (female)"
"25297","2021-08-28","18:26:03","0.955397","118","1","House Sparrow (female)"
"5258","2021-08-24","08:30:43","0.951254","290","1","Mourning Dove"
"17508","2021-08-26","07:52:06","0.976715","3","1","Mourning Dove"
"25625","2021-08-28","18:47:02","0.927975","5","1","Brown-headed Cowbird (female or juvenile)"
"19215","2021-08-26","08:24:13","0.99839","330","1","Mourning Dove"
"7762","2021-08-24","09:07:35","0.990949","872","1","Mourning Dove"
"22540","2021-08-26","09:53:09","0.914355","1408","1","Ruby-throated Hummingbird"
"3386","2021-08-24","07:54:22","0.964096","291","1","White-breasted Nuthatch"
"1468","2021-08-23","18:43:06","0.989734","568","1","Ruby-throated Hummingbird"
"22001","2021-08-26","09:21:07","0.967703","1099","1","House Sparrow (male)"
"19426","2021-08-26","08:33:37","0.926584","547","1","House Sparrow (female)"
"14159","2021-08-24","11:14:22","0.95035","2126","1","House Sparrow (male)"
"779","2021-08-23","18:20:11","0.942944","247","1","White-breasted Nuthatch"
"5080","2021-08-24","08:27:34","0.99282","257","1","Ruby-throated Hummingbird"
"8583","2021-08-24","09:15:57","0.949844","1013","1","Mourning Dove"
"18136","2021-08-26","08:04:38","0.988413","133","1","House Sparrow (female)"
"13218","2021-08-24","10:25:28","0.966558","1667","1","Mourning Dove"
"22524","2021-08-26","09:52:55","0.936936","1408","1","House Sparrow (male)"
"10107","2021-08-24","09:32:15","0.91838","1194","1","White-breasted Nuthatch"
"30484","2021-08-29","16:19:25","0.902024","1138","1","House Sparrow (female)"
"1623","2021-08-23","18:46:26","0.984368","600","1","Mourning Dove"
"13144","2021-08-24","10:24:13","0.938449","1772","1","House Sparrow (female)"
"26352","2021-08-29","12:14:57","0.938245","179","1","Mourning Dove"
"2284","2021-08-24","07:42:38","0.991531","94","1","House Sparrow (female)"
"9048","2021-08-24","09:19:53","0.963672","1013","1","House Sparrow (female)"
"14109","2021-08-24","11:13:11","0.972121","2120","1","Ruby-throated Hummingbird"
"2294","2021-08-24","07:42:41","0.991302","94","1","Mourning Dove"
"37807","2021-09-01","10:28:23","0.948186","927","1","Mourning Dove"
"24534","2021-08-26","13:37:17","0.993428","3731","1","Indigo Bunting"
"26162","2021-08-29","12:06:54","0.969213","119","1","Mourning Dove"
"18794","2021-08-26","08:18:13","0.925354","285","1","Ruby-throated Hummingbird"
"31887","2021-08-29","18:25:04","0.906851","1990","1","White-breasted Nuthatch"
"17672","2021-08-26","07:56:01","0.963327","111","1","Mourning Dove"
"6940","2021-08-24","08:57:35","0.941142","642","1","House Sparrow (female)"
"28333","2021-08-29","13:36:40","0.93478","639","1","House Sparrow (female)"
"16835","2021-08-25","18:12:11","0.9953","334","1","Mourning Dove"
"20741","2021-08-26","08:53:46","0.982364","595","1","Mourning Dove"
"11795","2021-08-24","10:03:54","0.909162","1478","1","White-breasted Nuthatch"
"36248","2021-08-30","17:22:00","0.992522","590","1","Mourning Dove"
"34833","2021-08-30","16:20:40","0.967422","30","1","House Sparrow (female)"
"7382","2021-08-24","09:04:14","0.947127","786","1","Cardinal-Female"
"31996","2021-08-29","18:37:43","0.963836","2028","1","Mourning Dove"
"566","2021-08-23","18:16:31","0.940432","221","1","House Sparrow (male)"
"4901","2021-08-24","08:25:50","0.943328","236","1","Mourning Dove"
"24948","2021-08-28","18:21:17","0.902817","92","1","House Sparrow (male)"
"17398","2021-08-26","07:50:50","0.991843","3","1","Mourning Dove"
"26036","2021-08-29","11:43:54","0.990195","55","1","Mourning Dove"
"36811","2021-09-01","09:13:11","0.966974","121","1","White-breasted Nuthatch"
"26797","2021-08-29","12:23:18","0.990625","260","1","Mourning Dove"
"1384","2021-08-23","18:41:23","0.996387","569","1","White-breasted Nuthatch"
"15036","2021-08-24","18:01:05","0.96148","329","1","House Sparrow (female)"
"319","2021-08-23","18:10:17","0.932763","24","1","House Sparrow (female)"
"26124","2021-08-29","11:45:02","0.9182","63","1","Common Grackle"
"27000","2021-08-29","12:59:36","0.961041","446","1","House Sparrow (female)"
"33762","2021-08-30","08:36:48","0.954148","467","1","White-breasted Nuthatch"
"33928","2021-08-30","08:41:16","0.942701","529","1","House Sparrow (female)"
"15777","2021-08-24","18:33:46","0.907272","669","1","House Sparrow (female)"
"7153","2021-08-24","09:00:48","0.93097","774","1","Mourning Dove"
"41","2021-08-23","18:02:40","0.952169","7","1","Mourning Dove"
"23633","2021-08-26","10:21:28","0.980857","1688","1","Red-Bellied Woodpecker"
"25439","2021-08-28","18:29:39","0.980489","135","1","Brown-headed Cowbird (female or juvenile)"
"17379","2021-08-26","07:50:35","0.997512","3","1","Eastern Bluebird"
"8965","2021-08-24","09:19:01","0.994467","1082","1","Ruby-throated Hummingbird"
"19907","2021-08-26","08:40:43","0.90686","598","1","House Sparrow (female)"
"13471","2021-08-24","10:28:08","0.975925","1870","1","Ruby-throated Hummingbird"
"14802","2021-08-24","17:57:59","0.945065","295","1","Mourning Dove"
"25358","2021-08-28","18:27:03","0.968207","123","1","Mourning Dove"
"11922","2021-08-24","10:05:38","0.973463","1553","1","Ruby-throated Hummingbird"
"17784","2021-08-26","07:57:32","0.947933","111","1","House Sparrow (female)"
"17312","2021-08-25","19:07:08","0.921538","23","1","House Sparrow (female)"
"34778","2021-08-30","09:42:01","0.952727","1157","1","Mourning Dove"
"25464","2021-08-28","18:30:00","0.903216","135","1","White-breasted Nuthatch"
"27917","2021-08-29","13:25:08","0.998791","625","1","Mourning Dove"
"9518","2021-08-24","09:27:47","0.992266","1181","1","Mourning Dove"
"9081","2021-08-24","09:20:20","0.956863","1013","1","European Starling (Nonbreeding Adult)"
"24583","2021-08-28","16:03:17","0.983554","299","1","House Sparrow (female)"
"27192","2021-08-29","13:08:29","0.977329","524","1","Mourning Dove"
"20132","2021-08-26","08:43:26","0.9803","595","1","House Sparrow (female)"
"35610","2021-08-30","16:36:50","0.990389","239","1","Mourning Dove"
"15252","2021-08-24","18:03:37","0.916266","329","1","House Sparrow (male)"
"21139","2021-08-26","09:01:16","0.971032","872","1","House Sparrow (female)"
"20863","2021-08-26","08:56:28","0.926599","850","1","House Sparrow (female)"
"15069","2021-08-24","18:01:17","0.961209","313","1","Mourning Dove"
"13017","2021-08-24","10:22:44","0.91336","1667","1","House Sparrow (male)"
"17800","2021-08-26","07:57:44","0.982041","107","1","House Sparrow (female)"
"3627","2021-08-24","08:07:28","0.908611","4","1","House Sparrow (female)"
"38002","2021-09-01","10:30:28","0.943257","935","1","House Sparrow (female)"
"7179","2021-08-24","09:01:21","0.910365","808","1","House Sparrow (female)"
"24112","2021-08-26","10:41:12","0.956669","1922","1","House Sparrow (female)"
"4647","2021-08-24","08:21:51","0.994724","171","1","White-breasted Nuthatch"
"7344","2021-08-24","09:03:59","0.985863","848","1","House Sparrow (female)"
"31375","2021-08-29","17:35:52","0.940123","1808","1","White-breasted Nuthatch"
"13089","2021-08-24","10:23:39","0.997692","1700","1","White-breasted Nuthatch"
"36164","2021-08-30","17:21:16","0.987612","609","1","Mourning Dove"
"5830","2021-08-24","08:38:14","0.990577","436","1","Brown-headed Cowbird (female or juvenile)"
"25592","2021-08-28","18:46:20","0.912119","5","1","House Sparrow (female)"
"28715","2021-08-29","14:04:07","0.985916","748","1","Ruby-throated Hummingbird"
"35557","2021-08-30","16:36:20","0.965272","217","1","House Sparrow (female)"
"29954","2021-08-29","15:00:45","0.940141","881","1","American Crow"
"34757","2021-08-30","09:41:42","0.993312","1178","1","Cardinal-Female"
"11736","2021-08-24","10:02:47","0.987482","1408","1","Eastern Bluebird"
"10863","2021-08-24","09:51:47","0.996323","1347","1","Mourning Dove"
"528","2021-08-23","18:15:10","0.960126","118","1","White-breasted Nuthatch"
"1101","2021-08-23","18:34:45","0.994818","427","1","Mourning Dove"
"27475","2021-08-29","13:11:47","0.994777","524","1","Mourning Dove"
"5637","2021-08-24","08:33:15","0.993821","294","1","House Sparrow (female)"
"27857","2021-08-29","13:24:39","0.927797","625","1","White-breasted Nuthatch"
"37292","2021-09-01","10:04:03","0.976189","657","1","Mourning Dove"
"21725","2021-08-26","09:17:40","0.954568","1209","1","Mourning Dove"
"25654","2021-08-28","18:47:21","0.985452","5","1","Mourning Dove"
"36906","2021-09-01","09:14:46","0.950878","144","1","Mourning Dove"
"1396","2021-08-23","18:41:39","0.994736","575","1","Ruby-throated Hummingbird"
"29464","2021-08-29","14:41:14","0.979557","815","1","House Sparrow (female)"
"6366","2021-08-24","08:52:01","0.978324","642","1","House Sparrow (female)"
"12825","2021-08-24","10:21:02","0.991833","1732","1","Blue Jay"
"28823","2021-08-29","14:06:44","0.920799","748","1","Carolina Chickadee"
"15371","2021-08-24","18:20:24","0.944778","519","1","House Sparrow (female)"
"37451","2021-09-01","10:06:22","0.971092","822","1","House Sparrow (female)"
"32463","2021-08-30","07:36:44","0.950257","79","1","Mourning Dove"
"23718","2021-08-26","10:24:28","0.902952","1820","1","House Sparrow (female)"
"28456","2021-08-29","13:46:59","0.991404","701","1","Mourning Dove"
"8575","2021-08-24","09:15:55","0.976436","781","1","White-breasted Nuthatch"
"38071","2021-09-01","10:31:06","0.950777","906","1","White-breasted Nuthatch"
"2126","2021-08-24","07:38:42","0.933581","30","1","House Sparrow (female)"
"35612","2021-08-30","16:36:51","0.988732","239","1","Mourning Dove"
"25664","2021-08-28","18:47:27","0.975807","5","1","House Wren"
"9885","2021-08-24","09:30:10","0.962352","1181","1","House Sparrow (female)"
"33121","2021-08-30","08:19:25","0.937222","281","1","Mourning Dove"
"13634","2021-08-24","10:29:59","0.93589","1870","1","White-breasted Nuthatch"
"4716","2021-08-24","08:23:26","0.911123","205","1","House Sparrow (female)"
"5948","2021-08-24","08:39:09","0.967398","436","1","Eastern Bluebird"
"16077","2021-08-25","17:05:34","0.900918","2","1","Ruby-throated Hummingbird"
"27051","2021-08-29","13:01:29","0.921338","463","1","Ruby-throated Hummingbird"
"12566","2021-08-24","10:18:16","0.989282","1667","1","Ruby-throated Hummingbird"
"21047","2021-08-26","08:59:55","0.915285","888","1","Eastern Bluebird"
"18839","2021-08-26","08:18:30","0.96347","133","1","House Sparrow (female)"
"35360","2021-08-30","16:34:09","0.915524","237","1","House Sparrow (female)"
"30489","2021-08-29","16:19:49","0.936946","1068","1","House Sparrow (female)"
"4358","2021-08-24","08:17:22","0.980715","90","1","White-breasted Nuthatch"
"37308","2021-09-01","10:04:13","0.998875","658","1","Mourning Dove"
"11246","2021-08-24","09:57:18","0.950607","1420","1","Eastern Bluebird"
"11519","2021-08-24","10:00:18","0.942091","1408","1","Ruby-throated Hummingbird"
"23021","2021-08-26","10:00:04","0.955038","1444","1","Mourning Dove"
"28137","2021-08-29","13:27:52","0.995125","631","1","House Finch (female)"
"38037","2021-09-01","10:30:46","0.953184","930","1","White-breasted Nuthatch"
"9738","2021-08-24","09:29:18","0.991","1185","1","Ruby-throated Hummingbird"
"6991","2021-08-24","08:58:34","0.974444","642","1","Ruby-throated Hummingbird"
"10709","2021-08-24","09:41:51","0.970839","1248","1","House Sparrow (female)"
"6204","2021-08-24","08:49:59","0.966453","633","1","Mourning Dove"
"35508","2021-08-30","16:35:54","0.943423","239","1","Mourning Dove"
"5812","2021-08-24","08:38:02","0.913824","436","1","House Sparrow (male)"
"6699","2021-08-24","08:55:23","0.997836","658","1","Ruby-throated Hummingbird"
"19945","2021-08-26","08:41:04","0.969667","595","1","White-breasted Nuthatch"
"22761","2021-08-26","09:56:08","0.958238","1410","1","House Sparrow (female)"
"6569","2021-08-24","08:54:06","0.906947","653","1","Mourning Dove"
"17073","2021-08-25","18:28:57","0.958639","398","1","House Sparrow (female)"
"10019","2021-08-24","09:31:03","0.901756","1202","1","Ruby-throated Hummingbird"
"30765","2021-08-29","16:24:43","0.949599","1232","1","Mourning Dove"
"14090","2021-08-24","11:12:58","0.994621","2095","1","Eastern Bluebird"
"10155","2021-08-24","09:32:48","0.974244","1194","1","White-breasted Nuthatch"
"25422","2021-08-28","18:29:01","0.942548","136","1","House Sparrow (female)"
"35790","2021-08-30","16:38:44","0.966904","366","1","Mourning Dove"
"32909","2021-08-30","07:46:13","0.971184","126","1","House Sparrow (female)"
"11791","2021-08-24","10:03:49","0.939498","1478","1","Eastern Bluebird"
"23954","2021-08-26","10:31:26","0.927209","1889","1","House Sparrow (female)"
"25607","2021-08-28","18:46:44","0.900647","5","1","Red-winged Blackbird (male)"
"17705","2021-08-26","07:56:35","0.964179","107","1","Chipping Sparrow"
"36441","2021-08-30","17:24:33","0.951963","597","1","House Sparrow (female)"
"36307","2021-08-30","17:22:47","0.963726","603","1","House Sparrow (female)"
"32407","2021-08-30","07:35:52","0.990691","64","1","American Crow"
"31493","2021-08-29","17:38:01","0.936187","1839","1","Mourning Dove"
"7227","2021-08-24","09:02:27","0.927536","786","1","House Sparrow (male)"
"37626","2021-09-01","10:12:46","0.962735","822","1","Mourning Dove"
"19316","2021-08-26","08:26:14","0.931309","451","1","Ruby-throated Hummingbird"
"18214","2021-08-26","08:05:56","0.98541","232","1","House Wren"
"33654","2021-08-30","08:26:28","0.901323","358","1","Mourning Dove"
"12646","2021-08-24","10:19:17","0.968753","1661","1","Ruby-throated Hummingbird"
"18971","2021-08-26","08:21:06","0.946742","381","1","House Sparrow (female)"
"1048","2021-08-23","18:34:11","0.963022","443","1","Mourning Dove"
"34922","2021-08-30","16:27:12","0.970175","81","1","Brown-headed Cowbird (female or juvenile)"
"24080","2021-08-26","10:40:29","0.943674","1922","1","Ruby-throated Hummingbird"
"10742","2021-08-24","09:42:22","0.98397","1263","1","Ruby-throated Hummingbird"
"2408","2021-08-24","07:43:28","0.931318","108","1","Eastern Bluebird"
"7210","2021-08-24","09:01:59","0.987488","781","1","House Sparrow (male)"
"16941","2021-08-25","18:18:22","0.912743","373","1","House Sparrow (female)"
"9291","2021-08-24","09:22:30","0.992443","781","1","Ruby-throated Hummingbird"
"12094","2021-08-24","10:07:32","0.997183","1461","1","House Sparrow (female)"
"36730","2021-09-01","09:12:00","0.971692","105","1","House Sparrow (female)"
"8470","2021-08-24","09:15:01","0.930904","1019","1","Mourning Dove"
"5792","2021-08-24","08:37:56","0.9917","428","1","Eastern Bluebird"
"28597","2021-08-29","13:48:24","0.992145","699","1","American Crow"
"1106","2021-08-23","18:34:49","0.994731","455","1","House Sparrow (female)"
"21541","2021-08-26","09:12:06","0.970714","1029","1","House Sparrow (female)"
"19623","2021-08-26","08:36:33","0.931498","550","1","Ruby-throated Hummingbird"
"18856","2021-08-26","08:18:41","0.958345","330","1","Eastern Bluebird"
"12049","2021-08-24","10:07:12","0.960135","1461","1","White-breasted Nuthatch"
"26079","2021-08-29","11:44:25","0.978009","53","1","Mourning Dove"
"21238","2021-08-26","09:04:31","0.941857","1025","1","House Sparrow (male)"
"37128","2021-09-01","10:01:52","0.986489","571","1","White-breasted Nuthatch"
"35725","2021-08-30","16:37:54","0.956308","305","1","House Sparrow (female)"
"26631","2021-08-29","12:19:37","0.993173","193","1","House Sparrow (female)"
"35620","2021-08-30","16:36:55","0.970691","239","1","Mourning Dove"
"33856","2021-08-30","08:39:24","0.909242","486","1","House Sparrow (female)"
"1360","2021-08-23","18:40:47","0.960186","578","1","House Sparrow (female)"
"10621","2021-08-24","09:39:45","0.950208","1236","1","Ruby-throated Hummingbird"
"26841","2021-08-29","12:24:34","0.962901","260","1","White-breasted Nuthatch"
"17240","2021-08-25","19:05:03","0.95705","21","1","Mourning Dove"
"17150","2021-08-25","18:36:01","0.97126","394","1","House Sparrow (female)"
"29828","2021-08-29","14:57:22","0.987571","855","1","House Sparrow (female)"
"1145","2021-08-23","18:35:34","0.973468","432","1","Mourning Dove"
"37622","2021-09-01","10:12:35","0.904609","864","1","House Sparrow (female)"
"24003","2021-08-26","10:38:36","0.980629","1922","1","House Sparrow (female)"
"27245","2021-08-29","13:08:59","0.995213","522","1","House Sparrow (female)"
"27358","2021-08-29","13:09:49","0.942592","529","1","House Sparrow (female)"
"3638","2021-08-24","08:07:38","0.989074","1","1","House Sparrow (female)"
"37067","2021-09-01","10:00:58","0.995188","658","1","Mourning Dove"
"8598","2021-08-24","09:16:04","0.952366","1013","1","House Sparrow (male)"
"8294","2021-08-24","09:12:56","0.900471","781","1","House Sparrow (female)"
"2048","2021-08-23","19:16:34","0.93423","797","1","Mourning Dove"
"27726","2021-08-29","13:18:25","0.924845","594","1","Ruby-throated Hummingbird"
"11659","2021-08-24","10:01:59","0.932891","1408","1","Song Sparrow"
"13701","2021-08-24","10:31:30","0.96427","1667","1","Ruby-throated Hummingbird"
"35058","2021-08-30","16:29:03","0.973919","116","1","Mourning Dove"
"32471","2021-08-30","07:36:49","0.982997","70","1","Mourning Dove"
"14015","2021-08-24","11:11:11","0.98486","2102","1","House Sparrow (female)"
"15306","2021-08-24","18:04:42","0.972027","329","1","House Sparrow (male)"
"1257","2021-08-23","18:38:13","0.923771","527","1","Ruby-throated Hummingbird"
"19047","2021-08-26","08:22:01","0.91454","330","1","House Sparrow (female)"
"24367","2021-08-26","11:47:27","0.903832","2651","1","House Sparrow (female)"
"17380","2021-08-26","07:50:35","0.994533","3","1","House Sparrow (female)"
"7282","2021-08-24","09:03:17","0.919067","786","1","House Sparrow (female)"
"18732","2021-08-26","08:17:18","0.937226","133","1","Ruby-throated Hummingbird"
"14687","2021-08-24","17:56:38","0.964797","299","1","Eastern Bluebird"
"16552","2021-08-25","17:59:47","0.977155","287","1","American Crow"
"26304","2021-08-29","12:08:56","0.987185","119","1","Mourning Dove"
"13086","2021-08-24","10:23:37","0.984867","1764","1","Dark-eyed Junco"
"30634","2021-08-29","16:22:55","0.944607","1202","1","House Sparrow (female)"
"8873","2021-08-24","09:18:14","0.982304","1060","1","House Sparrow (female)"
"11230","2021-08-24","09:57:05","0.980177","1418","1","American Crow"
"36137","2021-08-30","17:20:56","0.995875","590","1","House Sparrow (female)"
"5046","2021-08-24","08:27:18","0.988914","236","1","Mourning Dove"
"28694","2021-08-29","14:03:49","0.952885","744","1","Mourning Dove"
"37928","2021-09-01","10:30:03","0.941801","935","1","House Sparrow (female)"
"19594","2021-08-26","08:36:12","0.981461","550","1","Ruby-throated Hummingbird"
"31439","2021-08-29","17:37:25","0.905932","1829","1","House Sparrow (female)"
"29215","2021-08-29","14:38:13","0.947576","815","1","Mourning Dove"
"10613","2021-08-24","09:39:37","0.946109","1236","1","Mourning Dove"
"17540","2021-08-26","07:52:21","0.953967","34","1","House Finch (female)"
"21756","2021-08-26","09:18:05","0.989637","1099","1","House Sparrow (male)"
"17004","2021-08-25","18:27:37","0.930876","394","1","White-breasted Nuthatch"
"23979","2021-08-26","10:37:43","0.932905","1909","1","House Sparrow (male)"
"22653","2021-08-26","09:54:29","0.90241","1410","1","House Sparrow (male)"
"31379","2021-08-29","17:35:56","0.970684","1813","1","House Sparrow (female)"
"22065","2021-08-26","09:24:07","0.962167","1099","1","Dark-eyed Junco"
"4248","2021-08-24","08:15:52","0.977261","90","1","House Sparrow (male)"
"9983","2021-08-24","09:30:50","0.992989","1202","1","Ruby-throated Hummingbird"
"8661","2021-08-24","09:16:42","0.925825","781","1","Mourning Dove"
"25475","2021-08-28","18:30:09","0.933223","135","1","White-breasted Nuthatch"
"22982","2021-08-26","09:59:12","0.962989","1444","1","Mourning Dove"
"17990","2021-08-26","08:02:01","0.933004","133","1","House Sparrow (female)"
"24574","2021-08-28","16:03:13","0.920632","294","1","House Sparrow (male)"
"1961","2021-08-23","18:54:51","0.982118","730","1","White-breasted Nuthatch"
"33400","2021-08-30","08:23:09","0.933484","327","1","Mourning Dove"
"9021","2021-08-24","09:19:37","0.994998","1019","1","Red-winged Blackbird (female)"
"35530","2021-08-30","16:36:04","0.989287","202","1","Mourning Dove"
"3450","2021-08-24","08:04:30","0.982516","2","1","American Crow"
"22857","2021-08-26","09:57:09","0.961525","1410","1","House Sparrow (female)"
"20532","2021-08-26","08:48:27","0.992912","595","1","Mourning Dove"
"4047","2021-08-24","08:12:00","0.900886","47","1","Mourning Dove"
"13057","2021-08-24","10:23:03","0.989813","1667","1","House Sparrow (female)"
"10168","2021-08-24","09:33:13","0.98766","1181","1","Ruby-throated Hummingbird"
"7514","2021-08-24","09:05:29","0.974623","786","1","House Wren"
"6935","2021-08-24","08:57:28","0.938278","642","1","House Sparrow (female)"
"37252","2021-09-01","10:03:27","0.939467","775","1","House Sparrow (female)"
"12487","2021-08-24","10:17:12","0.988046","1668","1","House Sparrow (female)"
"26888","2021-08-29","12:47:18","0.998864","320","1","Mourning Dove"
"12468","2021-08-24","10:17:03","0.97352","1663","1","Ruby-throated Hummingbird"
"29374","2021-08-29","14:40:02","0.954637","815","1","Mourning Dove"
"38053","2021-09-01","10:30:57","0.981804","930","1","White-breasted Nuthatch"
"27704","2021-08-29","13:18:03","0.978424","594","1","Ruby-throated Hummingbird"
"33493","2021-08-30","08:25:08","0.929764","358","1","House Sparrow (female)"
"30165","2021-08-29","15:05:52","0.989955","893","1","Brown-headed Cowbird (female or juvenile)"
"15723","2021-08-24","18:33:06","0.930779","612","1","House Sparrow (male)"
"12337","2021-08-24","10:10:00","0.962964","1557","1","House Finch (female)"
"16798","2021-08-25","18:11:23","0.993186","354","1","American Crow"
"6275","2021-08-24","08:51:16","0.93464","642","1","Ruby-throated Hummingbird"
"27840","2021-08-29","13:24:33","0.902011","625","1","Mourning Dove"
"36669","2021-09-01","09:10:41","0.986545","104","1","House Sparrow (female)"
"35223","2021-08-30","16:32:15","0.987109","218","1","House Sparrow (female)"
"10671","2021-08-24","09:41:10","0.903522","1248","1","House Sparrow (male)"
"33336","2021-08-30","08:22:25","0.907991","321","1","House Sparrow (female)"
"12000","2021-08-24","10:06:34","0.974492","1555","1","Dark-eyed Junco"
"16116","2021-08-25","17:20:17","0.949887","32","1","Mourning Dove"
"20294","2021-08-26","08:45:37","0.943134","595","1","Ruby-throated Hummingbird"
"37484","2021-09-01","10:07:10","0.992385","822","1","Mourning Dove"
"1972","2021-08-23","18:55:08","0.966703","732","1","House Sparrow (female)"
"29571","2021-08-29","14:54:12","0.915621","853","1","Mourning Dove"
"3702","2021-08-24","08:08:12","0.976592","4","1","House Sparrow (female)"
"7846","2021-08-24","09:08:19","0.935421","937","1","Ruby-throated Hummingbird"
"26174","2021-08-29","12:07:06","0.948915","119","1","White-breasted Nuthatch"
"24944","2021-08-28","18:21:16","0.960165","91","1","White-breasted Nuthatch"
"30985","2021-08-29","16:46:49","0.979596","1383","1","Mourning Dove"
"29007","2021-08-29","14:19:43","0.967176","793","1","Mourning Dove"
"23580","2021-08-26","10:20:56","0.916369","1695","1","House Sparrow (male)"
"14170","2021-08-24","11:14:44","0.996862","2147","1","Mourning Dove"
"10262","2021-08-24","09:34:27","0.919769","1181","1","House Wren"
"10542","2021-08-24","09:38:49","0.978872","1236","1","Ruby-throated Hummingbird"
"4593","2021-08-24","08:20:37","0.993735","129","1","House Sparrow (female)"
"7403","2021-08-24","09:04:22","0.934174","838","1","Ruby-throated Hummingbird"
"17187","2021-08-25","18:36:42","0.90012","410","1","White-breasted Nuthatch"
"35004","2021-08-30","16:28:04","0.970491","79","1","Mourning Dove"
"36285","2021-08-30","17:22:19","0.992028","592","1","Mourning Dove"
"14949","2021-08-24","17:59:44","0.925338","299","1","House Sparrow (female)"
"12898","2021-08-24","10:21:37","0.98718","1680","1","Mourning Dove"
"18682","2021-08-26","08:16:22","0.921688","285","1","House Sparrow (female)"
"26755","2021-08-29","12:22:09","0.921558","232","1","Mourning Dove"
"3393","2021-08-24","07:54:24","0.95871","280","1","House Sparrow (male)"
"29596","2021-08-29","14:54:31","0.99769","853","1","Mourning Dove"
"22095","2021-08-26","09:24:53","0.906656","1099","1","Dark-eyed Junco"
"38134","2021-09-01","10:31:38","0.913232","930","1","Mourning Dove"
"38271","2021-09-01","10:32:34","0.90631","931","1","White-breasted Nuthatch"
"6284","2021-08-24","08:51:19","0.910116","653","1","Mourning Dove"
"671","2021-08-23","18:18:33","0.996985","232","1","House Sparrow (female)"
"29648","2021-08-29","14:55:02","0.984271","853","1","Mourning Dove"
"33132","2021-08-30","08:19:31","0.983397","276","1","White-breasted Nuthatch"
"15793","2021-08-24","18:33:54","0.909284","669","1","Ruby-throated Hummingbird"
"5628","2021-08-24","08:33:10","0.931172","359","1","House Sparrow (male)"
"23431","2021-08-26","10:11:50","0.970953","1638","1","House Sparrow (female)"
"20194","2021-08-26","08:44:11","0.908099","595","1","White-breasted Nuthatch"
"28870","2021-08-29","14:07:08","0.956302","748","1","White-breasted Nuthatch"
"15620","2021-08-24","18:30:59","0.957824","616","1","House Sparrow (female)"
"13120","2021-08-24","10:24:04","0.992956","1667","1","Ruby-throated Hummingbird"
"32250","2021-08-29","18:49:00","0.937244","2071","1","White-breasted Nuthatch"
"25149","2021-08-28","18:23:44","0.913583","102","1","House Sparrow (female)"
"17678","2021-08-26","07:56:07","0.954781","111","1","Mourning Dove"
"7339","2021-08-24","09:03:56","0.968601","781","1","White-breasted Nuthatch"
"10151","2021-08-24","09:32:46","0.98244","1194","1","White-breasted Nuthatch"
"35915","2021-08-30","17:09:24","0.94765","468","1","Mourning Dove"
"19276","2021-08-26","08:25:34","0.951537","452","1","Eastern Bluebird"
"4616","2021-08-24","08:20:55","0.991463","163","1","Mourning Dove"
"16117","2021-08-25","17:20:18","0.965414","32","1","Ruby-throated Hummingbird"
"36826","2021-09-01","09:13:25","0.956845","162","1","House Sparrow (female)"
"17691","2021-08-26","07:56:22","0.930244","107","1","American Crow"
"5721","2021-08-24","08:34:36","0.995481","302","1","House Sparrow (female)"
"17538","2021-08-26","07:52:21","0.990979","3","1","Mourning Dove"
"30528","2021-08-29","16:21:14","0.947632","1184","1","American Crow"
"33612","2021-08-30","08:26:06","0.936719","358","1","House Sparrow (female)"
"288","2021-08-23","18:09:36","0.980993","117","1","Eastern Bluebird"
"16606","2021-08-25","18:00:24","0.973265","280","1","White-breasted Nuthatch"
"20809","2021-08-26","08:55:11","0.929718","595","1","House Sparrow (female)"
"21006","2021-08-26","08:59:32","0.911695","832","1","Ruby-throated Hummingbird"
"30103","2021-08-29","15:01:59","0.9594","881","1","Mourning Dove"
"9662","2021-08-24","09:28:44","0.985063","1181","1","House Sparrow (male)"
"11949","2021-08-24","10:05:50","0.95551","1500","1","House Sparrow (female)"
"15333","2021-08-24","18:19:54","0.925021","519","1","House Sparrow (female)"
"34582","2021-08-30","09:11:05","0.987485","823","1","House Sparrow (female)"
"7266","2021-08-24","09:03:06","0.927499","781","1","White-breasted Nuthatch"
"449","2021-08-23","18:13:54","0.939506","169","1","Ruby-throated Hummingbird"
"10932","2021-08-24","09:52:56","0.925598","1370","1","House Sparrow (female)"
"9900","2021-08-24","09:30:17","0.902897","1185","1","Ruby-throated Hummingbird"
"1502","2021-08-23","18:43:57","0.91416","568","1","Ruby-throated Hummingbird"
"24132","2021-08-26","10:41:40","0.960118","1922","1","House Sparrow (female)"
"7953","2021-08-24","09:09:24","0.974375","937","1","House Sparrow (male)"
"15476","2021-08-24","18:22:34","0.907937","518","1","House Sparrow (female)"
"3182","2021-08-24","07:52:21","0.938653","227","1","Ruby-throated Hummingbird"
"19942","2021-08-26","08:41:02","0.995907","595","1","House Sparrow (female)"
"26379","2021-08-29","12:15:34","0.943731","186","1","Red-winged Blackbird (male)"
"35081","2021-08-30","16:29:15","0.959104","116","1","House Sparrow (female)"
"10326","2021-08-24","09:35:00","0.997802","1185","1","Ruby-throated Hummingbird"
"8461","2021-08-24","09:14:56","0.966763","1017","1","House Sparrow (female)"
"32572","2021-08-30","07:37:36","0.985486","70","1","Mourning Dove"
"21437","2021-08-26","09:09:46","0.914251","1029","1","House Sparrow (male)"
"28437","2021-08-29","13:46:49","0.953729","701","1","American Crow"
"15445","2021-08-24","18:21:40","0.961762","518","1","House Sparrow (female)"
"34603","2021-08-30","09:11:15","0.984509","819","1","House Sparrow (female)"
"5334","2021-08-24","08:31:27","0.976785","302","1","House Sparrow (female)"
"24295","2021-08-26","11:04:09","0.927798","2127","1","Ruby-throated Hummingbird"
"5001","2021-08-24","08:27:03","0.907102","258","1","House Sparrow (female)"
"4393","2021-08-24","08:17:33","0.98521","87","1","House Sparrow (female)"
"37045","2021-09-01","10:00:21","0.954275","591","1","White-breasted Nuthatch"
"1640","2021-08-23","18:46:43","0.998996","615","1","Ruby-throated Hummingbird"
"13060","2021-08-24","10:23:05","0.946126","1667","1","Ruby-throated Hummingbird"
"21458","2021-08-26","09:10:22","0.95232","1099","1","House Sparrow (male)"
"33815","2021-08-30","08:38:08","0.902254","467","1","White-breasted Nuthatch"
"33449","2021-08-30","08:23:56","0.989632","339","1","House Sparrow (female)"
"34704","2021-08-30","09:12:51","0.980791","819","1","House Sparrow (female)"
"22999","2021-08-26","09:59:20","0.979572","1410","1","Dark-eyed Junco"
"16520","2021-08-25","17:54:48","0.963301","235","1","Mourning Dove"
"6212","2021-08-24","08:50:12","0.929116","633","1","House Sparrow (male)"
"34830","2021-08-30","16:20:37","0.978947","30","1","House Sparrow (female)"
"15105","2021-08-24","18:01:44","0.909225","345","1","Mourning Dove"
"9174","2021-08-24","09:21:22","0.928265","1013","1","Dark-eyed Junco"
"12230","2021-08-24","10:08:54","0.984082","1559","1","Ruby-throated Hummingbird"
"14473","2021-08-24","11:22:18","0.959965","2205","1","Ruby-throated Hummingbird"
"11482","2021-08-24","09:59:56","0.92156","1442","1","House Sparrow (male)"
"34251","2021-08-30","08:50:29","0.913901","641","1","Mourning Dove"
"35387","2021-08-30","16:34:26","0.939108","233","1","House Sparrow (female)"
"10990","2021-08-24","09:53:31","0.995106","1392","1","Mourning Dove"
"16939","2021-08-25","18:18:19","0.958003","360","1","House Sparrow (female)"
"36278","2021-08-30","17:22:13","0.942889","606","1","House Sparrow (female)"
"22274","2021-08-26","09:49:43","0.966251","1320","1","House Sparrow (female)"
"14666","2021-08-24","17:49:58","0.910117","198","1","Ruby-throated Hummingbird"
"36678","2021-09-01","09:10:51","0.93231","125","1","Mourning Dove"
"32982","2021-08-30","07:46:53","0.901309","126","1","House Sparrow (female)"
"20438","2021-08-26","08:47:34","0.968089","595","1","House Sparrow (male)"
"32968","2021-08-30","07:46:47","0.984495","126","1","Mourning Dove"
"7836","2021-08-24","09:08:12","0.97795","872","1","Ruby-throated Hummingbird"
"29391","2021-08-29","14:40:15","0.910673","815","1","Mourning Dove"
"20765","2021-08-26","08:54:01","0.99144","595","1","Mourning Dove"
"29135","2021-08-29","14:37:29","0.91149","815","1","House Sparrow (female)"
"37747","2021-09-01","10:15:30","0.942206","822","1","Cardinal-Female"
"3467","2021-08-24","08:04:35","0.999377","1","1","House Sparrow (male)"
"13917","2021-08-24","10:35:31","0.956287","1958","1","Ruby-throated Hummingbird"
"5005","2021-08-24","08:27:05","0.984079","195","1","Mourning Dove"
"28040","2021-08-29","13:26:45","0.997243","626","1","Mourning Dove"
"7275","2021-08-24","09:03:12","0.947151","835","1","Ruby-throated Hummingbird"
"575","2021-08-23","18:16:50","0.931229","221","1","House Sparrow (female)"
"27436","2021-08-29","13:11:23","0.996887","522","1","House Sparrow (female)"
"29961","2021-08-29","15:00:49","0.982118","881","1","Mourning Dove"
"361","2021-08-23","18:11:05","0.953934","110","1","Mourning Dove"
"34343","2021-08-30","09:05:30","0.988913","795","1","Mourning Dove"
"33579","2021-08-30","08:25:45","0.98685","363","1","Mourning Dove"
"24417","2021-08-26","12:04:01","0.963343","2793","1","Ruby-throated Hummingbird"
"17581","2021-08-26","07:53:31","0.998448","98","1","Mourning Dove"
"8066","2021-08-24","09:10:22","0.943143","914","1","Ruby-throated Hummingbird"
"2659","2021-08-24","07:46:02","0.998349","108","1","House Sparrow (female)"
"30472","2021-08-29","16:19:04","0.996077","1130","1","Mourning Dove"
"7931","2021-08-24","09:09:13","0.983798","781","1","House Sparrow (female)"
"12474","2021-08-24","10:17:07","0.984089","1663","1","House Sparrow (male)"
"21822","2021-08-26","09:18:55","0.955017","1099","1","House Sparrow (male)"
"4412","2021-08-24","08:17:43","0.91101","127","1","House Sparrow (female)"
"27037","2021-08-29","13:01:06","0.935116","467","1","Mourning Dove"
"25490","2021-08-28","18:30:17","0.98661","135","1","White-breasted Nuthatch"
"30691","2021-08-29","16:23:50","0.921703","1193","1","House Wren"
"4746","2021-08-24","08:24:09","0.972114","195","1","White-breasted Nuthatch"
"19162","2021-08-26","08:23:48","0.995063","381","1","Eastern Bluebird"
"12172","2021-08-24","10:08:16","0.962452","1576","1","Ruby-throated Hummingbird"
"15939","2021-08-24","18:35:58","0.914771","689","1","Mourning Dove"
"26292","2021-08-29","12:08:47","0.974029","123","1","Brown-headed Cowbird (female or juvenile)"
"32719","2021-08-30","07:39:13","0.980711","86","1","White-breasted Nuthatch"
"10809","2021-08-24","09:51:14","0.997639","1347","1","Mourning Dove"
"32607","2021-08-30","07:37:53","0.998155","82","1","Mourning Dove"
"20987","2021-08-26","08:59:12","0.985407","872","1","Mourning Dove"
"3576","2021-08-24","08:07:00","0.981713","4","1","House Wren"
"30883","2021-08-29","16:44:53","0.957267","1330","1","House Sparrow (female)"
"10479","2021-08-24","09:37:23","0.924695","1236","1","Mourning Dove"
"34366","2021-08-30","09:05:41","0.902611","796","1","Mourning Dove"
"22876","2021-08-26","09:57:20","0.913655","1410","1","Dark-eyed Junco"
"27495","2021-08-29","13:12:06","0.978257","524","1","Eastern Bluebird"
"19549","2021-08-26","08:35:16","0.93578","547","1","House Sparrow (female)"
"1517","2021-08-23","18:44:10","0.914252","569","1","Mourning Dove"
"6308","2021-08-24","08:51:32","0.996301","647","1","Mourning Dove"
"17245","2021-08-25","19:05:24","0.996445","21","1","House Sparrow (female)"
"6556","2021-08-24","08:53:59","0.994143","642","1","Mourning Dove"
"9056","2021-08-24","09:19:55","0.929209","1082","1","Song Sparrow"
"16323","2021-08-25","17:34:57","0.948766","27","1","Mourning Dove"
"23694","2021-08-26","10:22:49","0.937219","1704","1","Mourning Dove"
"5276","2021-08-24","08:30:54","0.991409","338","1","House Sparrow (female)"
"26810","2021-08-29","12:23:38","0.928669","260","1","Mourning Dove"
"37286","2021-09-01","10:03:58","0.964411","764","1","Mourning Dove"
"25419","2021-08-28","18:28:58","0.916552","136","1","House Sparrow (female)"
"9672","2021-08-24","09:28:49","0.998333","1181","1","Mourning Dove"
"21448","2021-08-26","09:10:14","0.925339","1029","1","Eastern Bluebird"
"26016","2021-08-29","11:43:41","0.989606","55","1","Carolina Chickadee"
"26505","2021-08-29","12:18:23","0.989611","194","1","House Sparrow (female)"
"1436","2021-08-23","18:42:19","0.98321","578","1","Mourning Dove"
"17926","2021-08-26","07:59:17","0.915818","111","1","House Sparrow (female)"
"32389","2021-08-30","07:35:38","0.958906","64","1","House Sparrow (female)"
"20860","2021-08-26","08:56:28","0.928175","832","1","Ruby-throated Hummingbird"
"22956","2021-08-26","09:58:51","0.967199","1410","1","Ruby-throated Hummingbird"
"13251","2021-08-24","10:25:53","0.987033","1667","1","Ruby-throated Hummingbird"
"3570","2021-08-24","08:06:58","0.996602","4","1","House Sparrow (female)"
"22936","2021-08-26","09:58:42","0.971288","1410","1","House Sparrow (female)"
"10820","2021-08-24","09:51:20","0.964887","1347","1","American Crow"
"2591","2021-08-24","07:45:13","0.995427","92","1","Ruby-throated Hummingbird"
"14104","2021-08-24","11:13:07","0.991113","2134","1","Dark-eyed Junco"
"14120","2021-08-24","11:13:27","0.944518","2110","1","White-breasted Nuthatch"
"9399","2021-08-24","09:25:33","0.945987","1177","1","House Sparrow (female)"
"30540","2021-08-29","16:21:25","0.958166","1184","1","House Sparrow (female)"
"7129","2021-08-24","09:00:24","0.920442","786","1","Song Sparrow"
"10004","2021-08-24","09:30:57","0.995543","1181","1","Ruby-throated Hummingbird"
"22058","2021-08-26","09:23:57","0.907184","1099","1","House Sparrow (male)"
"27142","2021-08-29","13:08:07","0.996348","521","1","Mourning Dove"
"34721","2021-08-30","09:39:59","0.946169","1155","1","Mourning Dove"
"12670","2021-08-24","10:19:31","0.966377","1661","1","Mourning Dove"
"6980","2021-08-24","08:58:17","0.957872","719","1","House Sparrow (female)"
"3828","2021-08-24","08:09:44","0.986186","13","1","House Sparrow (male)"
"1879","2021-08-23","18:52:24","0.985835","670","1","Mourning Dove"
"23835","2021-08-26","10:27:51","0.98737","1828","1","Mourning Dove"
"10705","2021-08-24","09:41:50","0.91491","1248","1","House Sparrow (female)"
"4303","2021-08-24","08:16:50","0.96729","37","1","House Sparrow (female)"
"22358","2021-08-26","09:50:43","0.980289","1298","1","Mourning Dove"
"21431","2021-08-26","09:09:38","0.964322","1075","1","House Sparrow (female)"
"22461","2021-08-26","09:52:18","0.960792","1408","1","Eastern Bluebird"
"35077","2021-08-30","16:29:13","0.92681","142","1","Mourning Dove"
"5528","2021-08-24","08:32:36","0.951495","348","1","White-breasted Nuthatch"
"787","2021-08-23","18:20:18","0.993066","247","1","Dark-eyed Junco"
"2764","2021-08-24","07:47:12","0.908911","176","1","Ruby-throated Hummingbird"
"27040","2021-08-29","13:01:08","0.998487","463","1","Mourning Dove"
"28884","2021-08-29","14:07:44","0.933071","748","1","Carolina Chickadee"
"16156","2021-08-25","17:30:52","0.927657","28","1","House Finch (female)"
"3527","2021-08-24","08:04:55","0.985313","2","1","Mourning Dove"
"2621","2021-08-24","07:45:43","0.980579","132","1","White-breasted Nuthatch"
"16095","2021-08-25","17:19:47","0.92473","32","1","Mourning Dove"
"18148","2021-08-26","08:04:50","0.967175","133","1","Mourning Dove"
"17226","2021-08-25","19:04:44","0.991691","4","1","Ruby-throated Hummingbird"
"27290","2021-08-29","13:09:17","0.923551","533","1","House Sparrow (female)"
"7182","2021-08-24","09:01:23","0.960373","731","1","Red-winged Blackbird (female)"
"28058","2021-08-29","13:26:57","0.996761","626","1","Mourning Dove"
"15614","2021-08-24","18:30:37","0.906396","616","1","House Sparrow (female)"
"20259","2021-08-26","08:45:02","0.953298","644","1","Ruby-throated Hummingbird"
"1001","2021-08-23","18:33:36","0.993907","426","1","Song Sparrow"
"26702","2021-08-29","12:21:07","0.995166","193","1","Mourning Dove"
"4949","2021-08-24","08:26:34","0.976447","257","1","Ruby-throated Hummingbird"
"21645","2021-08-26","09:16:39","0.943071","1099","1","House Sparrow (female)"
"11326","2021-08-24","09:58:37","0.92739","1408","1","Mourning Dove"
"25515","2021-08-28","18:45:11","0.923862","1","1","House Sparrow (female)"
"13183","2021-08-24","10:24:59","0.92973","1764","1","Eastern Bluebird"
"15567","2021-08-24","18:29:46","0.949673","615","1","House Sparrow (female)"
"29412","2021-08-29","14:40:35","0.97386","815","1","Mourning Dove"
"32356","2021-08-30","07:35:11","0.929864","69","1","House Sparrow (female)"
"11761","2021-08-24","10:03:19","0.980837","1461","1","Ruby-throated Hummingbird"
"20236","2021-08-26","08:44:45","0.984933","644","1","House Sparrow (female)"
"9412","2021-08-24","09:25:43","0.961607","1177","1","White-breasted Nuthatch"
"17710","2021-08-26","07:56:40","0.930436","107","1","Mourning Dove"
"10999","2021-08-24","09:53:39","0.912426","1392","1","Mourning Dove"
"15769","2021-08-24","18:33:38","0.911204","616","1","Mourning Dove"
"35902","2021-08-30","17:09:08","0.953882","468","1","Mourning Dove"
"31530","2021-08-29","17:38:36","0.970581","1852","1","House Sparrow (female)"
"19788","2021-08-26","08:39:30","0.963493","598","1","Mourning Dove"
"23952","2021-08-26","10:31:24","0.923167","1889","1","House Sparrow (female)"
"434","2021-08-23","18:13:16","0.959395","125","1","Ruby-throated Hummingbird"
"21981","2021-08-26","09:20:52","0.900671","1099","1","House Sparrow (male)"
"10478","2021-08-24","09:37:20","0.959182","1236","1","Ruby-throated Hummingbird"
"23140","2021-08-26","10:05:37","0.926824","1567","1","Ruby-throated Hummingbird"
"36703","2021-09-01","09:11:35","0.953268","121","1","House Sparrow (female)"
"8479","2021-08-24","09:15:06","0.905195","781","1","Mourning Dove"
"10176","2021-08-24","09:33:18","0.944959","1181","1","House Sparrow (male)"
"32680","2021-08-30","07:38:35","0.973179","86","1","House Sparrow (female)"
"25130","2021-08-28","18:23:09","0.951551","102","1","House Sparrow (female)"
"26924","2021-08-29","12:47:36","0.90624","331","1","Brown-headed Cowbird (female or juvenile)"
"11771","2021-08-24","10:03:28","0.925602","1461","1","House Sparrow (female)"
"7276","2021-08-24","09:03:13","0.980402","832","1","House Sparrow (female)"
"18131","2021-08-26","08:04:34","0.968532","133","1","Ruby-throated Hummingbird"
"20643","2021-08-26","08:51:32","0.92749","663","1","Ruby-throated Hummingbird"
"8997","2021-08-24","09:19:21","0.959078","1054","1","Mourning Dove"
"12793","2021-08-24","10:20:51","0.993193","1663","1","Ruby-throated Hummingbird"
"4526","2021-08-24","08:19:43","0.963907","37","1","House Sparrow (female)"
"20370","2021-08-26","08:46:40","0.927119","663","1","Mourning Dove"
"30880","2021-08-29","16:44:52","0.992391","1330","1","House Sparrow (female)"
"30189","2021-08-29","15:06:06","0.975819","893","1","Mourning Dove"
"26779","2021-08-29","12:23:02","0.992215","260","1","Mourning Dove"
"26998","2021-08-29","12:59:30","0.983913","439","1","House Sparrow (female)"
"31178","2021-08-29","16:50:09","0.986983","1391","1","Mourning Dove"
"21348","2021-08-26","09:07:38","0.947339","1010","1","Eastern Bluebird"
"9344","2021-08-24","09:23:26","0.974669","1103","1","Ruby-throated Hummingbird"
"35843","2021-08-30","16:39:23","0.953607","348","1","Carolina Chickadee"
"16821","2021-08-25","18:11:56","0.962485","325","1","House Sparrow (female)"
"345","2021-08-23","18:10:41","0.991696","110","1","Ruby-throated Hummingbird"
"26220","2021-08-29","12:08:00","0.989328","125","1","White-breasted Nuthatch"
"21924","2021-08-26","09:20:07","0.939653","1215","1","House Sparrow (female)"
"37590","2021-09-01","10:09:54","0.93057","823","1","Mourning Dove"
"18122","2021-08-26","08:04:24","0.924895","232","1","House Sparrow (female)"
"26239","2021-08-29","12:08:10","0.996413","119","1","Mourning Dove"
"12870","2021-08-24","10:21:22","0.911922","1772","1","House Sparrow (female)"
"7248","2021-08-24","09:02:45","0.984095","786","1","Dark-eyed Junco"
"24796","2021-08-28","17:45:42","0.939484","4","1","Carolina Wren"
"32515","2021-08-30","07:37:10","0.941178","86","1","Mourning Dove"
"33253","2021-08-30","08:21:17","0.996182","294","1","House Sparrow (female)"
"6908","2021-08-24","08:57:06","0.998249","642","1","House Sparrow (female)"
"21530","2021-08-26","09:11:58","0.990425","1029","1","House Sparrow (female)"
"601","2021-08-23","18:17:32","0.953778","221","1","White-breasted Nuthatch"
"18952","2021-08-26","08:20:58","0.965752","330","1","Mourning Dove"
"33801","2021-08-30","08:37:52","0.922196","467","1","White-breasted Nuthatch"
"17435","2021-08-26","07:51:31","0.953676","3","1","Mourning Dove"
"29359","2021-08-29","14:39:52","0.977649","815","1","Mourning Dove"
"12581","2021-08-24","10:18:22","0.979611","1667","1","House Sparrow (male)"
"36672","2021-09-01","09:10:43","0.966947","114","1","Red-Bellied Woodpecker"
"11567","2021-08-24","10:00:44","0.948269","1461","1","Song Sparrow"
"23006","2021-08-26","09:59:23","0.915267","1444","1","House Sparrow (female)"
"10813","2021-08-24","09:51:16","0.906252","1341","1","White-breasted Nuthatch"
"19212","2021-08-26","08:24:11","0.975011","406","1","Ruby-throated Hummingbird"
"1179","2021-08-23","18:36:01","0.935365","454","1","Ruby-throated Hummingbird"
"21986","2021-08-26","09:20:56","0.913298","1209","1","Mourning Dove"
"24000","2021-08-26","10:38:32","0.985515","1922","1","House Sparrow (female)"
"31710","2021-08-29","18:21:49","0.98441","1945","1","Mourning Dove"
"7274","2021-08-24","09:03:11","0.954037","837","1","House Sparrow (female)"
"37690","2021-09-01","10:14:11","0.958787","822","1","Mourning Dove"
"14791","2021-08-24","17:57:52","0.930305","314","1","Ruby-throated Hummingbird"
"18680","2021-08-26","08:16:19","0.992095","285","1","Mourning Dove"
"12278","2021-08-24","10:09:25","0.965252","1586","1","House Sparrow (male)"
"16557","2021-08-25","17:59:49","0.950592","287","1","Mourning Dove"
"469","2021-08-23","18:14:20","0.996933","118","1","Ruby-throated Hummingbird"
"8591","2021-08-24","09:16:02","0.990326","781","1","House Sparrow (female)"
"37719","2021-09-01","10:14:49","0.982184","822","1","Mourning Dove"
"3009","2021-08-24","07:50:31","0.97226","227","1","House Sparrow (male)"
"29379","2021-08-29","14:40:05","0.956362","815","1","Mourning Dove"
"31557","2021-08-29","17:38:59","0.951336","1829","1","House Sparrow (female)"
"20659","2021-08-26","08:51:50","0.902994","663","1","Ruby-throated Hummingbird"
"15847","2021-08-24","18:34:37","0.910919","616","1","Mourning Dove"
"13074","2021-08-24","10:23:31","0.91133","1764","1","House Sparrow (male)"
"2555","2021-08-24","07:44:51","0.999052","94","1","Mourning Dove"
"21190","2021-08-26","09:03:08","0.938084","1002","1","Ruby-throated Hummingbird"
"1716","2021-08-23","18:48:55","0.970684","667","1","House Sparrow (female)"
"23874","2021-08-26","10:29:53","0.934699","1889","1","House Sparrow (female)"
"10000","2021-08-24","09:30:56","0.967999","1202","1","House Sparrow (male)"
"17503","2021-08-26","07:52:04","0.954816","3","1","House Sparrow (female)"
"7730","2021-08-24","09:07:21","0.939451","781","1","Mourning Dove"
"16312","2021-08-25","17:34:33","0.959264","27","1","House Sparrow (female)"
"19720","2021-08-26","08:37:54","0.958992","547","1","Mourning Dove"
"34442","2021-08-30","09:09:57","0.967094","820","1","Mourning Dove"
"6757","2021-08-24","08:55:50","0.997648","642","1","House Sparrow (female)"
"31168","2021-08-29","16:50:04","0.992334","1391","1","Mourning Dove"
"8571","2021-08-24","09:15:53","0.917729","1017","1","Ruby-throated Hummingbird"
"30041","2021-08-29","15:01:30","0.966436","882","1","Mourning Dove"
"1671","2021-08-23","18:47:24","0.950237","606","1","American Goldfinch"
"10864","2021-08-24","09:51:47","0.972965","1349","1","House Sparrow (male)"
"453","2021-08-23","18:14:00","0.956572","154","1","Eastern Bluebird"
"20572","2021-08-26","08:49:09","0.910552","595","1","Ruby-throated Hummingbird"
"7305","2021-08-24","09:03:33","0.914989","835","1","Ruby-throated Hummingbird"
"5199","2021-08-24","08:30:18","0.983894","338","1","Mourning Dove"
"37802","2021-09-01","10:28:20","0.929798","906","1","White-breasted Nuthatch"
"12354","2021-08-24","10:10:18","0.985207","1555","1","House Sparrow (male)"
"24264","2021-08-26","10:52:14","0.917842","2042","1","House Sparrow (female)"
"5171","2021-08-24","08:30:01","0.944739","294","1","Common Grackle"
"26793","2021-08-29","12:23:15","0.932799","260","1","Mourning Dove"
"2445","2021-08-24","07:43:48","0.928295","108","1","Mourning Dove"
"7618","2021-08-24","09:06:13","0.994886","837","1","House Sparrow (female)"
"354","2021-08-23","18:10:55","0.952897","110","1","Red-winged Blackbird (female)"
"24384","2021-08-26","11:48:22","0.956532","2656","1","House Sparrow (male)"
"28995","2021-08-29","14:19:14","0.921125","793","1","Ruby-throated Hummingbird"
"14721","2021-08-24","17:56:58","0.914609","295","1","House Sparrow (female)"
"36150","2021-08-30","17:21:11","0.990841","590","1","Mourning Dove"
"5342","2021-08-24","08:31:28","0.918814","362","1","House Sparrow (female)"
"14705","2021-08-24","17:56:52","0.996432","295","1","House Sparrow (female)"
"24219","2021-08-26","10:50:40","0.953364","2039","1","Ruby-throated Hummingbird"
